{"cameraMode":{"drawMode":0,"name":"Shaded","section":"Shading Mode"},"sceneLighting":false,"audioPlay":false,"sceneViewState":{"m_AlwaysRefresh":false,"showFog":true,"showSkybox":false,"showFlares":true,"showImageEffects":true,"showParticleSystems":true,"showVisualEffectGraphs":true,"m_FxEnabled":true},"in2DMode":false,"pivot":{"x":-0.6573152542114258,"y":-0.09668302536010742,"z":-0.3023347854614258},"rotation":{"x":-0.1556854397058487,"y":-0.008991187438368798,"z":0.0018002490978688002,"w":-0.9879084825515747},"size":13.0812349319458,"orthographic":false}