{"cameraMode":{"drawMode":0,"name":"Shaded","section":"Shading Mode"},"sceneLighting":false,"audioPlay":false,"sceneViewState":{"m_AlwaysRefresh":false,"showFog":true,"showSkybox":false,"showFlares":true,"showImageEffects":true,"showParticleSystems":true,"showVisualEffectGraphs":true,"m_FxEnabled":true},"in2DMode":false,"pivot":{"x":1.013533115386963,"y":3.4102752208709719,"z":0.690179705619812},"rotation":{"x":0.23420646786689759,"y":-0.007204114925116301,"z":-0.00012849755876231939,"w":0.9725263714790344},"size":10.015910148620606,"orthographic":false}